test_id,timestamp,start_time,end_time,latency_seconds
1,2025-04-30 12:17:13.275055,1746033433.2750547,1746033433.376758,0.10170340538024902
2,2025-04-30 12:17:29.882686,1746033449.8826861,1746033449.984555,0.10186886787414551
3,2025-04-30 12:18:27.537811,1746033507.5378108,1746033507.6392093,0.10139846801757812
4,2025-04-30 12:18:41.613657,1746033521.6136568,1746033521.7150974,0.1014406681060791
5,2025-04-30 12:20:12.661094,1746033612.661094,1746033612.762527,0.10143303871154785
6,2025-04-30 12:20:25.445594,1746033625.4455943,1746033625.54661,0.10101580619812012
7,2025-04-30 12:21:30.137919,1746033690.137919,1746033690.2395146,0.10159564018249512
8,2025-04-30 12:21:43.001579,1746033703.001579,1746033703.1027792,0.10120010375976562
9,2025-04-30 12:21:59.249565,1746033719.2495646,1746033719.351578,0.10201334953308105
10,2025-04-30 12:22:12.632973,1746033732.632973,1746033732.734349,0.10137605667114258
11,2025-04-30 12:23:13.499343,1746033793.4993432,1746033793.6015675,0.10222434997558594
12,2025-04-30 12:23:26.372062,1746033806.3720622,1746033806.4737725,0.10171031951904297
13,2025-04-30 12:25:01.948548,1746033901.948548,1746033902.0499208,0.10137271881103516
14,2025-04-30 12:25:14.753811,1746033914.7538111,1746033914.8554819,0.10167074203491211
